Number Count,Num of Iterations,Average Time,Std
1000,100,0.000181,3.762e-05
2000,100,0.0004621,8.352e-05
5000,100,0.001272,0.0002545
10000,100,0.003501,0.0006526
20000,100,0.008742,0.001776
50000,100,0.04366,0.006448
100000,100,0.1224,0.01899
200000,100,0.4179,0.005182
500000,100,2.473,0.005315
