Number Count,Num of Iterations,Average Time,Std
1000,100,0.0004324,5.51e-05
2000,100,0.00095,1.586e-05
5000,100,0.00288,1.102e-05
10000,100,0.0077,3.276e-05
20000,100,0.02306,0.0002788
50000,100,0.1092,0.001773
100000,100,0.4104,0.04256
200000,100,1.487,0.001707
500000,100,8.782,0.0517
